latitude,longitude
34.807,68.891
35.438,69.552
35.869,70.224
35.458,70.023
35.409,69.959
35.184,69.625
38.007,70.738
37.903,70.969
37.773,70.835
38.272,70.738
38.283,71.167
38.142,70.936
38.102,71.241
-36.615,-70.437
-36.331,-70.503
-41.185,-71.603
-41.207,-71.867
-42.35,-71.742
46.975,12.362
47.093,12.408
47.148,12.438
46.96,13.342
47.007,10.803
46.828,10.963
46.803,10.847
46.93,10.8
47.012,10.815
47.068,13.24
47.085,12.905
47.195,12.762
47.165,12.753
47.147,12.592
47.16,12.297
47.135,12.318
47.022,10.463
47.053,10.282
47.122,12.11
47.092,12.027
47.065,12.035
47.04,11.923
47.013,11.76
47.005,11.772
-14.917,-69.113
-14.825,-69.022
-14.868,-69.089
-14.838,-69.133
-15.835,-68.568
-15.882,-68.563
-15.863,-68.426
-16.93,-67.316
-15.87,-68.545
28.091,89.556
27.961,89.941
27.965,90.097
27.898,90.222
27.943,90.421
27.903,90.573
28.028,90.573
27.925,90.735
28.007,90.82
28.064,91.224
49.588,-125.394
49.49,-125.858
49.81,-125.719
58.219,-128.265
58.378,-128.014
58.252,-127.905
57.183,-127.746
57.18,-128.118
57.234,-128.233
57.257,-128.337
57.544,-128.141
57.462,-128.475
57.542,-128.462
57.276,-128.518
57.344,-128.624
57.369,-128.613
57.349,-128.611
57.135,-128.432
57.351,-128.792
57.44,-128.922
57.475,-128.803
57.509,-128.843
57.535,-128.653
57.694,-128.703
58.324,-129.68
58.312,-129.753
58.163,-129.665
58.261,-129.781
58.217,-129.962
58.228,-129.443
57.67,-129.02
57.708,-129.2
57.896,-129.857
57.798,-130.294
58.019,-130.571
57.725,-129.312
57.68,-129.443
57.672,-129.277
57.59,-128.987
57.582,-129.321
57.518,-129.204
57.498,-129.022
57.483,-129.013
57.487,-128.948
57.443,-128.937
57.436,-129.082
57.415,-129.145
57.455,-129.165
57.468,-129.232
57.393,-129.023
57.374,-128.987
57.338,-128.909
57.179,-128.982
57.354,-129.14
57.346,-129.171
57.432,-129.303
57.316,-129.181
57.298,-129.251
57.329,-129.327
57.266,-129.375
57.273,-129.353
57.293,-129.194
57.258,-129.163
57.132,-129.205
57.077,-129.246
57.099,-129.413
57.143,-129.413
57.154,-129.359
57.187,-129.356
57.205,-129.434
57.229,-129.507
57.282,-129.637
57.315,-129.641
57.355,-129.778
57.411,-129.654
57.426,-129.553
57.44,-129.561
57.579,-129.552
57.855,-129.811
57.646,-131.837
57.526,-131.963
57.616,-131.999
57.559,-132.207
57.444,-132.194
57.463,-132.289
57.486,-132.341
57.55,-132.4
57.637,-132.382
57.727,-132.51
57.806,-132.563
57.729,-132.256
57.782,-132.067
57.771,-131.863
57.789,-131.9
57.823,-131.913
57.827,-132.27
57.913,-132.038
57.877,-131.408
57.928,-131.879
57.51,-130.699
57.469,-130.699
57.288,-130.835
57.243,-130.861
57.224,-130.85
57.21,-130.869
57.181,-130.878
57.147,-130.897
57.132,-130.964
57.401,-130.982
57.262,-131.102
57.371,-131.213
57.455,-131.103
57.732,-131.282
57.631,-131.229
57.56,-131.176
57.436,-131.344
57.547,-131.336
56.752,-131.865
56.794,-131.898
56.792,-131.855
56.814,-131.873
56.843,-131.898
56.817,-131.89
56.857,-131.895
56.877,-131.875
56.889,-131.833
56.922,-131.868
56.936,-131.863
56.94,-131.88
56.982,-131.896
57.005,-131.891
57.029,-131.992
57.06,-131.925
57.069,-131.946
57.084,-131.929
57.073,-131.826
57.136,-131.763
57.122,-131.773
57.123,-131.781
57.1,-131.818
57.103,-131.835
57.106,-131.913
57.16,-131.917
57.146,-131.949
57.16,-132.027
57.213,-131.966
57.222,-131.927
57.276,-131.904
57.355,-132.114
57.38,-132.111
57.36,-131.914
57.377,-131.956
57.493,-131.917
57.506,-131.916
57.513,-131.895
57.572,-131.794
57.599,-131.896
57.613,-131.846
57.652,-131.723
57.519,-131.511
57.439,-131.551
57.485,-131.689
57.368,-131.586
57.286,-131.419
57.357,-131.171
57.266,-131.17
57.314,-131.23
57.115,-131.322
57.121,-131.505
57.222,-131.723
57.081,-131.529
56.981,-131.401
56.629,-131.611
56.61,-131.568
56.541,-131.71
56.511,-131.715
56.518,-131.678
56.453,-131.654
56.42,-131.607
56.433,-131.678
56.418,-131.688
56.422,-131.691
56.452,-131.77
56.498,-131.799
56.531,-131.827
56.778,-131.062
56.786,-131.036
56.757,-130.932
56.848,-130.815
56.766,-130.713
56.887,-130.991
56.859,-130.591
56.867,-130.568
56.923,-130.534
56.95,-130.565
57.002,-130.636
56.994,-130.891
57.059,-131.013
57.053,-130.85
57.069,-130.867
57.167,-130.839
57.146,-130.773
57.179,-130.829
57.29,-130.788
57.142,-130.561
57.212,-130.392
57.24,-130.382
57.21,-130.601
57.279,-130.695
57.375,-130.646
57.265,-130.459
57.357,-130.429
57.349,-130.426
57.287,-130.327
57.333,-130.392
57.334,-130.408
57.367,-130.373
57.397,-130.629
57.441,-130.578
57.44,-130.641
57.769,-130.118
57.789,-129.873
57.67,-129.878
57.663,-129.957
57.656,-129.896
57.522,-129.718
57.449,-129.705
57.488,-129.857
57.506,-129.848
57.574,-129.849
57.565,-129.918
57.575,-129.946
57.516,-129.903
57.513,-129.928
57.478,-129.879
57.462,-129.83
57.45,-129.925
57.429,-129.906
57.44,-129.829
57.434,-129.781
57.409,-129.79
57.363,-129.848
57.362,-129.904
57.343,-130.018
57.334,-130.033
57.288,-129.876
57.293,-129.793
57.185,-129.882
57.177,-129.686
57.106,-129.839
57.082,-130.003
57.104,-129.929
57.109,-129.999
57.232,-130.072
57.144,-130.059
57.127,-130.041
57.125,-130.059
57.124,-130.111
57.044,-130.076
56.966,-130.028
56.991,-130.078
56.936,-129.925
56.921,-129.964
56.878,-129.965
56.878,-129.907
56.803,-130.018
56.81,-130.087
56.786,-130.116
56.75,-130.218
56.848,-130.27
56.855,-130.292
56.793,-130.387
56.741,-130.452
56.764,-130.459
56.744,-130.48
56.651,-130.613
56.674,-130.635
56.607,-130.681
56.613,-130.745
56.639,-130.795
56.594,-130.87
56.5,-131.047
56.512,-131.111
56.6,-131.267
56.666,-131.364
56.668,-131.456
56.561,-131.411
56.556,-131.47
59.576,-136.673
59.597,-136.658
59.58,-136.307
59.585,-136.395
59.71,-136.658
59.853,-136.385
59.764,-136.074
59.665,-135.948
59.795,-135.643
59.169,-137.395
59.13,-137.439
59.103,-137.528
59.179,-137.04
59.138,-137.052
61.51,-138.008
60.451,-136.554
60.403,-137.107
60.508,-137.407
60.366,-137.473
60.511,-137.53
60.41,-137.558
60.581,-137.433
60.704,-137.651
59.916,-137.951
59.954,-138.205
60.144,-138.115
60.234,-138.291
60.511,-137.943
60.471,-137.958
60.504,-138.249
60.533,-138.175
60.566,-138.377
60.625,-138.306
60.641,-138.413
60.607,-138.865
60.873,-138.278
61.02,-137.529
60.688,-137.811
60.346,-137.756
60.329,-137.742
60.14,-137.294
60.142,-137.503
60.137,-137.512
60.176,-137.578
59.871,-137.699
59.862,-137.732
59.708,-137.87
59.415,-137.89
59.504,-137.624
59.528,-137.587
59.687,-137.769
59.585,-137.41
59.652,-137.275
59.747,-137.381
60.215,-136.909
60.011,-136.74
59.93,-136.58
59.865,-136.489
59.834,-136.795
59.847,-136.993
59.841,-137.166
59.544,-137.007
59.392,-137.074
59.504,-137.13
59.365,-137.303
59.286,-137.213
59.205,-137.352
61.672,-138.072
61.661,-138.32
61.589,-138.187
61.449,-138.106
61.553,-138.559
61.268,-137.973
60.886,-138.337
60.916,-138.536
60.889,-138.911
60.935,-138.939
61.046,-138.989
61.068,-139.029
61.049,-139.068
61.499,-139.576
61.523,-139.613
61.137,-139.255
61.013,-139.069
61.007,-139.145
61.009,-139.291
60.989,-139.222
60.864,-139.242
60.873,-139.278
60.898,-139.614
60.938,-139.514
61.006,-139.561
61.094,-139.605
61.185,-139.637
61.127,-139.76
61.095,-139.947
61.336,-140.019
61.381,-140.034
61.416,-140.02
61.432,-139.997
61.432,-140.014
61.632,-140.076
61.652,-140.117
61.569,-140.064
61.452,-140.229
61.263,-140.607
61.362,-140.719
61.38,-140.893
61.422,-140.916
61.493,-140.784
61.577,-141.045
61.993,-140.809
60.559,-135.759
60.578,-135.788
60.391,-135.55
60.331,-136.04
60.242,-135.997
60.042,-135.6
60.027,-135.598
59.973,-135.557
59.981,-135.548
59.859,-135.51
59.953,-135.68
60.002,-135.696
59.988,-135.702
59.915,-135.692
60.019,-136.028
60.025,-136.037
60.044,-136.104
60.003,-136.06
59.975,-136.191
59.862,-136.266
59.918,-136.357
60.099,-136.338
60.035,-136.447
60.163,-136.605
60.597,-136.468
60.996,-136.279
77.322,-82.148
77.078,-81.185
77.185,-79.35
77.233,-79.655
76.942,-80.478
77.137,-80.302
77.147,-80.92
76.605,-78.727
76.617,-78.728
76.502,-78.535
76.233,-80.59
76.283,-80.173
76.378,-79.382
76.42,-79.39
77.638,-82.198
78.745,-75.552
78.483,-76.183
78.315,-75.693
77.948,-77.112
77.947,-77.022
77.408,-78.898
46.392,9.845
46.509,9.747
46.699,10.003
46.332,9.719
46.128,8.031
46.469,8.535
46.319,7.206
46.35,7.405
46.434,7.92
46.474,8.109
46.411,8.266
46.261,8.001
46.106,7.836
46.167,7.509
45.914,7.421
45.899,7.234
45.979,7.042
46.598,8.613
46.656,8.414
46.787,8.579
46.698,8.424
46.713,8.39
46.64,8.359
46.574,8.087
-34.465,-70.123
-34.45,-70.207
-34.891,-70.406
-34.669,-70.391
-34.803,-70.339
-34.873,-70.376
-34.886,-70.402
-34.071,-69.868
-34.008,-69.92
-34.215,-70.054
-33.913,-70.354
-33.922,-70.263
-33.837,-69.934
-33.954,-69.897
-33.932,-69.967
-33.883,-70.095
-33.314,-69.865
-33.386,-69.869
-33.408,-69.872
-33.422,-69.891
-33.417,-69.848
-33.458,-69.958
-33.18,-70.236
-33.107,-70.111
-33.118,-70.078
-33.18,-70.058
-33.126,-70.318
-33.138,-70.292
-33.215,-70.296
-33.237,-70.303
-30.15,-70
-29.667,-70.017
-26.517,-68.417
-22.433,-67.883
49.1,87.2
49.08,87.3
49.03,87.28
49.03,87.3
49.08,87.37
49.08,87.63
49.07,87.72
49.07,87.77
49.07,87.82
48.93,87.75
49,87.53
48.98,87.55
48.98,87.43
48.88,87.43
48.92,87.65
48.35,88.53
47.73,89.48
47.73,89.47
47.83,89.75
47.85,90.02
33.295,101.1
34.699,99.523
34.724,99.571
27.098,100.19
32.712,96.904
33.564,95.066
33.773,95.033
33.721,94.996
33.787,94.814
33.731,94.868
32.589,93.693
32.685,93.206
32.757,92.631
32.848,92.407
32.828,92.366
32.956,92.236
33.232,92.072
33.466,91.565
33.459,91.23
33.583,91.209
34.012,90.775
34.072,90.711
35.626,94.456
35.615,94.543
31.85,99.035
30.602,99.531
30.679,99.421
30.002,99.57
29.953,99.649
28.41,100.362
29.991,99.61
31.654,99.642
32,98.923
29.223,101.254
29.478,101.784
29.642,101.82
31.15,102.753
31.266,102.867
31.462,102.893
31.891,103.011
28.521,98.656
28.544,98.659
30.587,97.382
31.76,95.588
31.908,95.481
32.04,95.056
32.129,95.054
32.431,94.215
32.465,94.169
33.576,94.821
33.496,94.772
33.581,95
33.523,95.059
33.528,95.069
33.124,95.425
28.743,98.037
28.623,98.269
29.029,97.705
29.119,97.617
29.261,97.736
29.568,97.106
29.635,97.168
29.66,97.283
29.736,97.252
29.728,97.205
29.747,97.187
29.735,97.188
29.71,97.193
29.741,97.064
29.845,96.928
29.927,97.041
29.929,97.022
29.937,97.022
29.952,96.946
29.897,96.925
29.835,96.917
29.82,96.933
29.807,96.892
29.768,96.874
29.719,96.592
30.28,95.94
30.704,95.102
30.655,94.835
30.679,94.611
30.801,94.745
30.818,94.561
31.094,94.42
31.013,94.448
30.994,94.323
30.969,93.918
30.993,93.921
31.008,93.914
31.036,93.865
30.955,93.714
31.148,93.367
31.252,93.628
31.327,93.518
31.306,93.524
31.319,93.448
31.363,93.212
31.38,93.267
31.363,93.182
31.733,93.392
31.762,93.513
31.817,93.478
32.276,93.082
32.632,92.663
32.697,92.583
32.583,93.029
32.516,92.997
32.537,93.323
32.447,94.012
32.366,94.162
31.945,94.82
31.876,95.163
31.962,95.171
31.765,95.52
31.442,95.282
30.384,96.91
30.567,97.385
29.186,98.482
28.539,98.607
30.275,81.003
30.277,80.847
30.473,81.355
30.35,81.383
30.305,81.346
28.633,84.797
28.647,84.734
28.767,84.474
28.808,84.705
28.802,84.883
28.637,85.188
28.72,85.417
28.494,85.412
28.508,85.405
28.472,85.547
28.367,85.498
28.337,85.553
28.101,85.973
28.427,85.83
28.178,86.057
28.085,86.071
28.174,86.076
28.245,86.138
28.217,86.163
28.01,86.467
27.966,86.433
27.935,86.397
27.992,86.35
27.945,87.087
27.986,87.001
28.18,87.06
28.165,87.033
28.167,86.959
28.189,86.903
28.233,86.858
28.186,86.859
28.129,86.914
28.069,86.894
28.067,86.837
28.129,86.805
28.116,86.633
28.386,86.49
28.398,86.473
28.38,86.426
28.428,85.745
29,86.123
28.85,87.478
27.923,88.078
28.025,87.885
28.13,87.427
28.111,87.422
28.116,87.433
27.92,87.815
27.908,87.773
27.861,87.588
28.053,90.833
28.135,90.888
28.087,90.833
28.058,90.662
28.148,90.549
28.175,90.508
28.267,90.708
28.296,90.715
28.23,90.483
28.123,90.409
28.125,90.357
28.205,90.408
28.338,91.15
28.224,91.442
28.095,91.426
28.035,91.682
28.02,91.529
28.129,91.538
28.137,91.549
28.158,91.53
27.779,91.838
27.953,92.088
27.956,92.118
27.969,92.163
28.259,92.946
28.138,92.587
28.017,92.556
28.05,92.575
28.058,92.65
27.917,92.583
27.933,92.847
27.859,92.454
28.358,91.879
28.458,92.735
28.646,93.263
29.287,94.745
29.358,94.838
29.57,95.189
29.657,95.169
29.597,95.006
29.53,94.986
29.436,94.942
29.367,94.902
29.023,94.027
29.038,94.04
29.079,94.043
28.708,93.689
28.793,93.548
28.842,93.259
28.843,93.266
28.889,93.302
28.894,93.251
28.746,93.117
28.394,91.058
28.45,90.662
28.85,90.234
28.946,90.37
28.984,90.256
29.022,90.28
28.959,90.153
28.396,90.037
28.194,89.735
28.167,89.591
28.787,88.277
28.794,87.63
29.054,87.259
29.109,86.528
29.068,86.131
29.057,86.13
28.979,85.037
28.919,84.956
28.956,84.437
28.947,84.416
28.912,84.233
29.402,83.814
29.276,83.495
29.286,83.463
29.704,83.07
29.958,82.503
30.152,82.243
30.248,82.161
30.764,82.432
30.772,82.65
30.75,82.847
30.833,83
30.683,83.292
30.587,83.373
30.52,83.425
30.472,83.566
30.524,84.084
30.363,83.958
30.354,83.947
30.47,83.771
30.402,83.824
30.388,83.841
30.331,83.809
30.346,83.938
30.311,83.914
30.284,83.915
29.878,84.54
29.802,84.573
29.836,84.65
29.997,84.862
29.995,84.932
29.98,84.998
29.968,85.004
29.982,84.997
30.014,84.971
29.706,85.951
29.684,85.937
29.691,86.409
29.689,86.5
29.674,86.814
29.66,86.852
29.622,86.856
29.669,86.87
29.706,87.454
29.824,87.529
29.769,87.514
29.711,87.229
30.082,89.391
30.092,89.629
30.139,89.663
29.883,89.931
29.503,89.852
29.822,90.126
29.591,90.488
29.877,90.244
29.978,90.135
30.113,90.291
30.129,90.261
30.245,90.289
30.233,90.438
30.277,90.507
30.316,90.491
30.343,90.619
30.402,90.663
30.415,90.652
30.53,90.952
30.824,91.482
30.776,91.785
30.512,91.864
30.237,92.619
30.23,92.606
30.288,92.28
30.329,91.991
30.335,91.986
29.461,92.636
29.456,92.633
29.39,92.835
29.481,93.053
29.426,93.659
29.588,93.606
29.732,93.463
29.728,93.447
29.685,93.497
29.636,93.358
29.588,93.086
29.761,92.959
29.767,92.987
29.721,92.9
29.739,92.883
29.745,92.612
29.892,92.261
30.363,93.136
30.223,93.267
30.349,93.32
30.154,93.568
30.223,93.554
30.221,93.678
30.197,93.773
30.296,93.949
30.287,93.979
29.927,94.964
29.904,94.916
29.857,94.891
29.774,94.808
30.185,94.491
30.071,94.842
30.095,94.861
30.173,94.836
30.154,94.829
30.212,94.606
30.255,94.535
30.267,94.371
30.44,94.013
30.42,93.836
30.43,93.822
30.514,93.732
30.5,93.813
30.547,93.65
30.52,93.027
30.978,93.491
30.867,93.557
30.764,93.62
30.587,93.936
30.552,94.078
30.622,93.933
30.833,93.711
30.841,93.715
30.864,93.691
30.862,93.684
30.838,93.923
30.742,93.966
30.774,94.056
30.801,94.38
30.693,94.528
30.492,94.335
30.564,94.34
30.548,94.337
30.536,94.355
30.377,94.544
30.428,94.579
30.343,94.69
30.43,94.826
30.493,94.781
30.565,94.766
30.466,95.065
30.457,95.14
30.358,95.074
30.359,95.022
30.129,95.24
30.017,95.38
30.024,95.4
30.48,95.176
30.309,95.304
30.518,95.513
30.364,95.516
30.286,95.471
30.283,95.622
30.26,95.628
30.227,95.604
30.306,95.647
30.324,95.705
29.931,95.759
29.847,95.856
29.897,95.941
29.855,96.03
29.887,96.01
29.94,96.048
30.14,95.842
30.235,96.028
30.107,96.188
29.958,96.211
29.832,96.244
29.897,96.349
29.836,96.357
29.814,96.367
29.793,96.433
29.643,96.567
29.566,96.649
29.541,96.73
29.609,96.826
29.595,96.865
29.602,96.956
29.624,96.963
29.698,97.015
29.581,97.081
29.575,97.061
29.547,97.011
29.517,96.954
29.266,96.904
29.479,96.598
29.43,96.473
29.412,96.428
29.49,96.326
29.536,96.335
29.572,96.281
29.629,96.205
29.698,96.071
29.686,95.969
29.685,95.899
29.667,95.796
29.798,95.213
30.501,95.155
29.6,95.69
29.567,95.966
29.401,95.971
29.366,95.936
29.393,95.891
28.978,96.503
29.307,96.197
29.241,96.05
29.467,96.092
29.472,96.128
29.519,96.144
29.28,96.403
29.301,96.573
29.192,96.556
28.848,96.802
28.878,97.124
28.888,97.284
28.738,97.291
28.976,97.256
29.367,97.009
29.464,96.982
29.421,97.132
29.448,97.176
29.346,97.176
29.39,97.197
29.194,97.298
29.195,97.373
29.387,97.295
29.473,97.355
35.196,78.066
35.113,78.294
35.131,78.24
35.058,78.189
35.125,78.366
35.083,78.508
34.787,78.255
34.898,78.283
34.824,78.462
34.88,78.582
34.751,78.647
34.652,78.432
34.654,78.426
34.431,79.061
34.187,78.936
33.178,79.394
31.158,81.533
31.109,81.515
31.191,81.283
31.146,81.25
31.301,81.153
31.644,80.776
31.752,80.713
31.737,80.686
31.945,80.438
31.867,80.504
31.858,80.493
31.833,80.448
31.858,80.504
31.773,80.572
31.731,80.589
31.639,80.662
31.365,80.92
31.478,80.282
31.587,80.13
31.683,80.129
31.711,79.972
32.046,79.885
32.447,79.601
32.411,79.536
32.565,79.435
32.526,79.413
32.53,79.38
32.598,79.359
32.211,78.435
32.365,78.494
32.42,78.543
32.419,78.51
32.41,78.835
31.881,78.736
32.043,78.892
32.207,79.011
32.25,79.015
32.449,79.148
32.466,79.209
32.51,79.319
32.369,79.425
32.183,79.756
32.123,79.791
31.244,80.836
31.193,81.139
30.511,81.329
31.118,81.257
31.06,81.44
31.093,81.521
31.058,81.51
31.079,81.551
31.023,81.564
31.501,80.525
30.582,80.385
31.097,79.506
31.092,79.493
31.154,79.441
31.33,78.812
31.456,78.819
44.8,80.25
44.63,80.6
44.55,80.47
44.52,80.55
44.53,80.62
44.02,82.88
43.98,83.22
43.95,83.25
43.95,83.37
43.85,83.77
43.83,83.93
43.55,84.53
43.48,84.87
43.48,84.77
43.45,84.78
43.47,84.72
43.48,84.67
43.5,84.67
43.5,84.55
43.53,84.3
43.48,84.23
43.48,84.17
43.4,84.65
43.43,84.75
43.43,84.78
43.43,84.8
43.37,84.88
43.38,84.9
43.38,84.98
43.12,83.85
43.12,83.78
42.97,82.82
42.88,82.47
42.87,82.4
42.85,82.37
42.85,82.35
42.73,82.17
42.78,82.52
42.8,82.5
42.87,82.55
42.87,82.67
42.73,83.1
42.7,82.97
42.67,82.9
42.68,82.63
42.55,82.6
42.48,82.35
43.52,82.32
42.47,82.27
42.42,82.02
42.4,81.98
42.68,81.73
42.68,81.7
42.65,81.32
42.6,81.17
42.63,81.32
42.43,81.63
42.48,81.65
42.52,81.68
42.5,81.6
42.5,81.57
42.52,81.43
42.35,81.18
42.35,81.07
42.45,81.15
42.52,81.12
42.55,80.9
42.55,80.85
42.5,80.52
42.43,80.48
42.48,80.47
42.47,80.45
42.35,80.42
42.33,80.33
42.32,80.28
37.55,102.13
37.58,102
37.58,102.15
37.57,102.12
37.62,102.07
37.62,101.63
38.28,100.5
38.28,100.48
38.3,100.28
38.43,99.37
38.58,99.05
39,98.92
38.65,99.6
38.67,99.6
38.92,99.33
39.07,98.93
39.15,98.73
39.13,98.65
39.22,98.58
39.22,98.55
39.25,98.4
39.27,98.53
39.23,98.5
39.23,98.48
39,98.45
39,98.42
39.2,98.37
39.22,98.23
39.43,98.13
39.3,98.12
39.32,98.1
39.17,98.22
39.17,98.22
39.17,98.25
38.62,98.47
38.78,98.1
38.9,97.88
38.93,97.82
38.93,97.82
38.97,97.75
39.37,97.62
39.33,97.57
39.4,97.53
39.2,97.18
38.45,98.02
38.38,97.95
38.47,97.93
38.52,97.72
38.57,97.77
38.65,97.75
38.58,97.63
38.88,96.97
39.45,96.67
39.42,96.63
39.52,96.43
39.5,96.43
39.5,96.38
39.5,96.43
39.48,96.47
39.4,96.58
39.37,96.63
38.6,97.32
38.6,97.35
38.57,96.47
38.77,95.98
39.1,95.48
39.25,95.25
39.25,95.23
39.28,93.77
39.28,93.73
39.27,93.6
38.22,98.67
35.413,97.584
35.95,95.417
35.603,94.758
35.6,94.783
35.596,94.891
35.615,94.904
35.643,94.963
35.616,94.705
35.655,94.512
35.617,94.44
35.652,94.372
35.639,94.356
35.648,94.313
35.783,93.527
36.226,92.787
36.048,92.427
35.862,90.799
35.99,90.896
36.007,90.977
36.054,91.143
36.214,92.072
36.213,92.131
36.264,91.984
36.53,91.407
36.658,91.02
36.63,91.029
36.602,91.055
36.584,91.103
36.725,90.799
37.694,90.627
37.633,90.787
37.313,91.163
37.327,91.102
37.506,90.407
37.682,88.211
37.661,88.126
37.679,87.924
37.696,87.902
38.352,89.569
39.18,95.3
38.2,96.07
38.23,96.03
38.45,95.82
38.4,95.7
38.35,95.62
38.35,95.58
38.6,97.37
38.55,97.63
38.3,95.62
38.33,95.63
38.37,95.67
38.18,96.1
38.08,96.3
38.316,89.462
38.269,89.243
37.872,87.294
37.911,87.397
37.696,87.828
37.689,87.62
37.657,88.148
37.562,88.188
37.479,88.006
37.527,87.871
37.424,87.841
36.68,87.484
36.573,87.493
36.586,87.43
36.618,87.4
36.526,87.419
36.524,87.362
37.27,85.932
36.821,84.902
36.858,84.917
36.855,84.733
36.725,84.374
36.343,82.865
36.249,82.687
36.248,82.59
36.48,82.556
35.558,82.155
35.464,81.672
35.534,81.75
35.539,81.734
35.977,81.358
36.012,81.166
35.995,81.166
35.971,80.809
35.957,80.67
35.976,80.523
36.018,80.279
36.033,80.299
35.767,81.205
35.769,81.129
35.771,81.039
35.673,81.256
35.532,81.584
35.419,81.549
35.396,81.522
35.536,81.2
35.593,81.056
35.547,81.008
35.521,80.734
35.552,80.731
35.599,80.712
35.641,80.749
35.654,80.746
35.554,80.528
35.514,80.541
35.562,80.412
35.772,80.52
35.784,80.481
35.805,80.503
35.764,80.393
35.769,80.458
35.722,80.385
35.788,80.328
35.895,80.254
35.807,80.291
35.738,80.287
35.79,80.05
35.53,80.403
35.612,80.306
35.587,80.22
35.715,79.969
35.68,79.847
35.701,79.697
35.851,79.885
35.858,79.885
35.849,79.876
35.868,79.828
35.798,79.806
35.791,79.808
35.736,79.73
35.724,79.713
35.816,79.701
35.831,79.607
35.952,79.595
35.907,79.564
36.031,79.645
36.052,79.621
36.081,79.629
35.978,79.714
36.015,79.824
36.023,79.814
36.154,79.662
36.223,79.513
36.274,79.417
36.369,79.465
36.289,79.403
36.285,79.398
36.215,79.391
36.292,79.093
36.272,78.956
36.48,78.737
36.396,78.776
36.316,78.611
36.35,78.517
36.352,78.391
36.068,79.376
36.09,79.355
36.081,79.355
36.102,79.306
36.093,79.196
36.089,79.168
36.082,79.14
35.717,78.927
35.721,78.823
35.752,78.764
35.638,78.817
35.147,78.91
35.194,78.528
35.281,78.654
35.338,78.749
35.471,78.501
35.752,78.59
35.82,78.617
35.986,78.987
35.956,78.929
36.044,78.91
36.019,78.901
36.07,78.897
36.081,78.675
36.135,78.564
36.206,78.391
36.165,78.299
36.135,78.245
36.092,78.247
36.25,78.001
36.317,77.881
36.281,77.836
36.291,77.713
36.468,77.862
36.515,77.781
36.48,77.948
36.523,77.892
36.548,77.783
36.58,77.764
36.58,77.741
36.541,77.608
36.529,77.543
36.494,77.449
36.581,77.539
36.661,77.638
36.696,78.018
36.632,78.111
36.637,78.119
36.759,78.501
36.741,78.308
36.804,78.07
36.772,77.683
36.677,77.637
36.621,77.53
36.723,77.371
36.617,77.249
36.666,77.219
36.679,77.213
36.762,77.172
36.772,77.142
36.703,77.188
36.67,77.03
36.736,76.883
36.839,76.665
36.833,76.613
36.955,76.498
36.654,76.603
36.666,76.548
36.823,76.287
37.057,76.244
36.575,76.587
36.613,76.593
36.575,76.768
36.505,76.862
36.457,76.911
36.509,76.971
36.53,76.945
36.531,77.203
35.636,77.973
35.843,77.443
35.867,77.311
35.858,77.242
35.986,77.033
36.293,77.36
36.368,77.265
36.38,77.233
36.195,77.352
36.184,77.146
36.243,76.867
36.208,76.861
35.947,76.889
35.928,76.866
36.07,76.873
36.263,76.667
36.404,76.162
35.633,77.229
35.685,76.954
35.988,76.621
35.931,76.36
35.907,76.428
36.105,76.334
36.194,76.157
36.678,76.006
36.805,75.868
37.072,75.654
36.807,75.466
36.884,75.431
36.886,75.491
36.977,75.474
36.978,75.388
36.989,75.3
37.08,75.189
37.102,74.644
37.103,74.631
37.079,74.552
37.394,75.156
37.394,75.19
37.423,75.215
37.45,75.238
37.475,75.229
37.631,75.145
37.676,75.145
37.702,75.162
37.78,75.012
37.817,74.992
38.037,74.903
38.188,75.074
37.967,75.511
38.571,75.742
38.167,75.531
38.573,75.371
38.703,75.179
38.327,75.427
38.265,75.306
38.238,75.06
38.569,74.677
38.638,74.474
38.781,74.275
38.802,74.149
38.825,73.848
38.929,73.755
38.941,73.913
39.243,74.385
39.099,74.76
39.064,74.788
38.967,74.853
38.808,75.158
39.029,74.834
39.096,74.827
39.121,74.82
39.323,75.238
39.133,73.878
39.069,73.865
39.275,73.64
39.461,73.667
39.514,73.862
39.513,73.84
39.51,73.827
40.083,74.483
40.7,76.83
40.77,76.78
40.95,76.92
40.98,77.1
40.9,77.43
40.92,77.42
40.95,77.83
41,77.85
40.98,78
40.98,78.03
41.08,78.17
41.03,78.05
41.08,78.05
41.07,78.02
41.08,77.9
41.12,77.7
41.08,77.67
41.35,77.78
41.43,77.93
41.23,78.32
41.25,78.4
41.48,78.8
41.6,78.93
41.9,80.05
41.75,79.88
41.77,79.92
41.77,80.23
41.78,80.27
41.95,80.33
41.97,80.25
42,80.4
41.92,80.48
41.88,80.62
42.08,80.57
42.15,80.55
42.27,80.7
42.32,80.82
42.25,80.8
41.97,81.23
42.15,81.37
42.33,81.45
42.22,81.57
42.32,81.85
42.35,82.03
42.33,82.15
42.43,82.98
42.57,82.93
42.45,83.48
42.5,83.77
42.5,83.8
42.37,84.22
42.33,84.28
42.28,84.83
42.35,84.72
42.35,84.68
42.38,84.62
42.47,84.12
42.52,84.03
42.5,83.92
42.53,83.73
42.6,83.05
42.67,83.3
42.63,83.2
43.03,83.58
43.07,83.7
43.32,84.97
43.18,85.22
43.17,85.3
42.62,85.5
42.85,84.87
42.77,84.93
42.58,84.95
42.58,84.95
42.63,85.13
42.52,85.12
42.53,85.47
42.58,85.85
42.83,85.82
43.05,86.85
43.05,86.93
42.8,86.77
42.78,86.82
43.08,94.33
43.43,89.45
43.52,89.32
43.65,88.9
43.78,88.63
43.78,88.47
43.75,88.23
43.73,88.2
43.73,88.13
43.07,87.1
43.02,87.02
43.08,86.82
43.13,87.02
43.23,86.8
43.15,86.77
43.1,86.72
43.33,86.33
43.33,86.23
43.42,86.1
43.48,86.15
43.55,86.33
43.55,86.28
43.55,86.12
43.45,86.05
43.5,85.98
43.53,85.98
43.62,85.98
43.6,85.98
43.5,85.92
43.57,85.92
43.6,85.9
43.6,85.88
43.52,85.92
43.52,85.83
43.5,85.85
43.5,85.83
43.47,85.93
43.4,85.98
43.4,85.93
43.38,86.08
43.33,86.08
43.22,86.05
43.15,85.88
43.18,85.77
43.17,85.72
43.2,85.65
43.25,85.7
43.2,85.57
43.33,85.53
43.33,85.63
43.38,85.62
43.53,85.65
43.38,85.6
43.38,85.55
43.37,85.57
43.32,85.03
43.4,84.97
43.42,84.98
43.43,85.03
43.38,85.17
43.43,85.17
43.47,85.22
43.4,85.32
43.38,85.33
43.38,85.37
43.45,85.42
43.68,85.65
43.68,85.65
43.77,85.52
43.63,85.48
43.6,85.38
43.58,85.33
43.53,85.23
43.82,85.18
43.67,85.02
43.55,85.02
43.62,84.9
43.57,84.87
43.58,84.82
43.82,84.87
43.77,84.83
43.72,84.8
43.73,84.8
43.78,84.62
43.78,84.32
43.8,84.33
43.95,84.3
43.9,84.17
43.9,84
43.95,83.87
44.03,84.1
44.05,84.18
44.07,84.08
44.05,84.02
44.05,83.92
44,83.87
44,83.72
44.02,83.5
44.08,83.45
44.15,83.47
44.2,83.47
44.25,83.35
44.27,83.32
44.17,83.28
44.08,83.45
44,83.45
44.05,82.88
44.68,80.85
44.83,80.23
44.82,80.17
42.72,87.02
42.73,86.97
42.75,86.92
43.02,87.28
43.03,87.23
43.75,88.33
43.08,87.48
43.07,87.47
43.72,88.45
43.7,88.7
43.45,93.03
37.217,90.827
36.759,90.773
36.724,90.18
36.571,90.07
36.129,90.884
36.321,90.256
36.349,90.192
36.485,89.88
36.397,89.806
36.503,89.774
36.509,89.742
36.563,89.698
36.593,89.496
36.687,89.611
36.71,89.586
35.674,89.755
35.834,92.939
35.899,91.44
35.892,91.567
35.714,88.021
36.664,87.623
36.161,90.093
34.918,89.632
33.49,90.874
33.451,90.806
33.231,91.013
33.907,89.266
32.987,88.733
33.105,91.214
33.321,91.225
32.839,92.038
30.244,88.429
30.29,88.362
30.3,88.329
30.394,88.328
30.672,88.535
30.75,88.619
30.724,88.54
30.685,88.508
30.823,91.379
30.475,90.633
30.485,90.562
30.305,90.291
29.996,90.022
29.962,89.996
30.204,89.774
31.526,86.842
32.288,87.392
32.264,87.484
31.421,86.511
30.211,86.588
30.259,86.295
30.492,86.45
30.522,86.441
30.559,86.452
30.132,86.202
30.078,86.174
30.017,86.125
30.023,86.12
30.124,85.181
31.736,85.011
30.413,84.546
30.387,84.562
30.036,84.689
30.454,84.141
30.802,83.427
30.808,83.389
30.924,83.503
31.084,83.532
31.037,83.541
31.488,83.491
31.565,83.507
31.46,83.466
31.126,83.456
31.131,83.443
31.061,83.524
30.812,83.133
30.811,83.123
30.897,83.027
30.956,82.947
30.936,82.656
31.245,82.293
31.032,82.421
30.966,82.555
30.923,82.581
31.114,81.54
31.665,83.447
32.763,80.937
32.754,81.06
32.766,81.052
31.886,82.528
31.918,82.529
33.684,82.477
33.831,82.28
33.98,82.287
34.021,82.304
34.128,82.155
34.192,82.079
34.295,82.044
34.31,82.023
33.694,81.679
34.295,80.9
34.311,81.031
33.456,81.673
34.283,80.82
34.249,79.653
34.232,79.692
34.205,79.817
34.198,79.82
34.193,79.819
34.005,79.963
34.014,79.962
33.182,79.594
33.07,79.57
33.05,79.589
33.344,79.328
33.279,79.382
33.332,79.409
35.262,81.937
35.263,81.942
34.814,82.413
34.715,82.298
34.683,82.319
34.433,81.519
34.566,81.433
34.25,81.126
34.599,79.01
34.976,78.92
34.346,80.116
34.36,80.025
34.371,79.975
34.336,79.898
35.461,80.299
35.277,80.688
35.073,79.011
35.558,78.831
35.715,88.478
35.255,88.634
34.46,85.974
35.682,85.582
35.231,82.339
33.684,87.996
33.293,85.314
34.398,85.845
44.822,6.34
44.938,6.45
45.525,6.989
45.503,6.97
45.404,7.007
45.438,6.87
45.504,6.886
45.526,6.853
45.491,6.79
45.359,6.786
45.405,6.91
45.405,7.019
45.418,7.15
45.274,7.035
45.259,7.054
45.142,6.706
45.142,6.885
45.172,5.989
45.084,6.334
44.968,6.39
44.973,6.384
44.973,6.334
44.992,6.34
45.017,6.301
44.888,6.259
44.889,6.237
44.889,6.184
44.893,6.17
44.934,6.109
44.902,6.167
44.726,6.323
44.767,6.168
45.953,7.005
45.95,7
45.908,6.954
45.903,6.92
45.842,6.825
42.792,-0.125
42.832,0.114
42.7,0.024
42.7,0.539
27.8,92.182
27.783,92.338
29.257,95.992
29.304,96.033
29.182,96.302
46.508,12.231
46.421,10.731
46.23,10.632
46.407,10.64
46.415,10.639
46.755,11.032
46.806,11.055
46.502,10.771
46.767,10.982
46.983,11.295
46.025,10.485
46.315,10.446
46.199,10.509
46.292,9.692
46.261,9.747
46.26,9.972
46.26,9.754
46.381,10.553
46.26,8.111
46.296,8.136
46.425,8.367
45.922,7.674
45.542,7.057
45.538,7.055
45.672,7.025
45.66,6.94
45.952,7.492
45.921,7.573
45.875,7.525
19.176,-98.637
78.667,18.667
78.733,20.667
77.867,17.833
-43.02,171.438
-43.325,170.953
-43.138,171.187
-43.12,171.19
-42.956,171.304
-43.371,170.642
-43.441,170.74
-43.359,170.709
-43.324,170.908
-43.32,170.972
-44.173,169.575
-44.136,169.621
-44.04,169.689
-44.038,169.709
-43.943,169.774
-43.973,169.771
-43.856,169.935
-43.825,169.954
-43.793,170.042
-43.873,170.019
-43.891,170.019
-43.885,170.038
-43.636,170.103
-43.668,170.155
-43.542,170.306
-43.674,170.253
-43.69,170.253
-43.652,170.356
-43.63,170.372
-43.505,170.43
-43.472,170.575
-43.49,170.587
-43.609,170.554
-43.553,170.689
-44.52,168.306
-44.493,168.323
-44.474,168.537
-44.474,168.554
-44.457,168.621
-44.552,168.44
-44.636,168.422
-44.609,168.419
-44.742,168.525
-44.726,168.527
-44.521,168.641
-44.528,168.66
-44.404,168.691
-44.353,168.84
-44.325,169.085
-44.265,168.853
-44.237,168.971
-44.137,169.157
-44.109,169.407
-44.069,169.458
-44.072,169.518
-44.043,169.557
-43.971,169.623
-45.638,167.205
-45.62,167.193
-44.786,167.977
-44.723,167.703
-44.673,167.809
-44.436,168.305
-44.54,168.223
-44.786,168.043
-44.752,168.056
-44.265,168.742
-44.42,168.44
-44.343,168.439
-44.18,168.976
-44.218,168.885
-44.22,168.823
-44.092,168.988
-44.119,169.036
-44.07,169.055
-43.891,169.392
-43.86,169.457
-43.855,169.452
-43.739,169.925
-43.74,169.985
-43.856,169.825
-43.793,169.727
-43.824,169.687
-43.758,169.705
-43.606,170.039
-43.67,170.08
-43.686,169.812
-43.524,170.103
-43.58,170.055
-43.448,170.323
-43.336,170.588
-43.42,170.507
-43.173,170.762
-43.173,170.823
-43.303,170.752
-43.271,170.736
-43.091,171.09
-43.202,170.954
-43.176,170.937
-42.922,171.356
-42.922,171.368
-41.942,172.739
-9.069,-77.482
-8.903,-77.556
-8.899,-77.552
-8.833,-77.582
-10.477,-76.771
-10.47,-76.768
-10.86,-76.583
-12.153,-75.945
36.15,75.8
36.316,75.709
36.445,75.871
36.628,75.675
67.93,33.83
43.17,42.62
43.27,42.83
43.28,42.83
43.3,42.98
43.23,42.92
43.07,43.23
42.97,43.22
43.02,43.37
42.95,43.58
42.7,44.23
42.57,44.33
42.73,44.77
42.65,44.77
42.72,45.02
42.48,45.73
42.48,45.3
41.88,47.15
41.87,46.93
41.22,47.87
41.18,47.92
43.82,40.27
43.4,41.05
43.4,41.23
43.45,41.23
43.35,41.33
43.35,41.42
43.25,41.65
43.22,41.8
43.37,41.98
43.3,41.88
43.28,42.12
43.28,42.22
43.27,42.23
43.32,42.4
81.35,58.93
76.57,66.78
76.88,67.02
75.45,61.23
76.27,66.5
76.35,64.62
74.48,56.83
74.63,57.05
73.57,56.33
73.37,55.53
73.53,54.53
73.6,53.9
73.8,56.12
74.02,55.78
74.08,56.23
73.02,54.92
73.13,54.95
44.95,79.48
44.98,79.55
45.07,79.92
45.17,80.43
45.15,80.5
45.2,80.73
45.18,80.75
45.13,80.88
45.33,81.08
45.3,81.42
49.13,86.78
49.07,85.6
49.07,85.62
49.15,86.55
49.15,86.6
49.15,86.78
49.15,86.92
49.17,86.98
49.15,87.13
49.75,86.65
50.27,84.28
49.75,86.42
49.95,85.93
49.83,86.02
49.82,86
49.88,86.2
49.78,86.45
69.33,91.43
56.85,117.4
62.43,140.97
62.1,141.28
67.45,128.08
68.42,128.62
76.65,148.65
65.27,145.97
65.23,145.83
65.02,146.08
65.43,142.02
66,140.7
65.97,140.42
66.02,140.18
62.7,140.85
62.73,140.62
41.72,70.27
41.72,70.28
41.8,70.41
42.19,71.27
42.03,72.18
42,72.32
42.02,72.25
41.95,73.8
42.01,73.74
42.11,73.22
41.61,75.4
41.63,76.35
41.84,76.7
41.88,76.67
41.94,77.27
41.83,77.18
41.83,77.28
41.85,77.43
41.79,77.53
41.76,77.59
41.68,77.26
41.7,77.31
41.56,77
41.57,76.86
41.38,76.44
41.36,76.46
41.38,77.3
41.38,77.31
41.29,77.38
41.31,77.48
41.33,77.68
41.43,77.64
41.71,78.11
41.88,78.23
41.89,78.22
41.88,78.25
41.9,77.72
41.76,77.69
41.64,77.49
41.53,77.06
41.55,76.97
41.36,76.27
41.38,76.68
41.38,76.92
41.35,77.01
41.28,77.28
41.26,77.22
41.25,77.16
41.14,76.26
41.14,76.25
41.06,76.1
41.03,76.03
41.04,75.99
41.03,75.91
40.93,75.68
40.92,75.66
40.91,75.64
40.76,74.27
40.77,74.3
40.64,74.52
40.47,75.15
40.99,74.54
41,74.55
40.94,74.94
41.43,72.9
41.39,72.85
41.52,73.22
40.54,74.57
40.53,74.63
40.5,74.66
40.35,74.82
40.12,74.2
40.13,74.05
40.18,73.92
40.15,73.8
39.9,73.22
39.82,71.83
39.7,71.92
39.73,71.95
39.78,72.42
39.78,72.47
39.87,72.48
39.88,72.38
39.98,72.45
39.92,72.57
39.82,72.6
40.07,73.15
39.55,69.85
39.55,70
39.65,70.08
39.6,70.37
39.63,70.5
39.68,70.53
39.62,70.68
39.48,71
39.57,71.32
39.6,71.45
39.63,71.47
39.73,71.42
39.73,71.48
39.73,71.5
42.31,70.84
42.21,70.65
42.22,71.26
42.12,71.96
42.16,72.51
42.22,72.86
42.33,73.56
42.44,73.5
42.43,73.53
42.4,73.71
42.34,73.65
42.38,74.08
42.4,74.15
42.51,74.14
42.48,74.17
42.48,74.42
42.47,74.43
42.41,74.69
42.41,74.72
42.49,74.75
42.5,74.77
42.47,74.75
42.45,74.88
42.47,75.16
42.43,75.35
42.02,75.45
42.02,75.41
41.99,76.38
42.09,76
42.88,77.14
42.98,76.84
42.94,76.76
41.96,76.58
41.98,76.79
41.93,76.89
41.97,77.39
41.97,77.47
41.88,77.68
42.01,77.69
42.06,77.81
42.06,78.15
42.26,78.72
42.36,78.81
42.4,78.83
42.31,78.86
42.91,77.68
42.91,77.39
42.8,76.99
41.79,78.39
41.57,78.71
41.61,78.83
41.76,78.79
41.69,78.89
41.71,79.06
41.81,79.05
42.22,78.71
42.09,78.74
42.08,78.76
42.05,78.91
42.08,78.5
42.08,78.37
42.06,78.28
41.98,78.38
41.91,78.51
41.89,78.46
42.37,79.08
42.38,79.91
42.36,79.73
42.32,79.75
42.26,79.88
42.24,79.71
42.25,79.63
42.25,79.49
42.23,79.35
42.11,79.12
42.2,79.38
42.2,79.89
42.18,79.94
42.13,80.07
42.11,79.58
42.1,79.59
42.11,79.77
42.02,79.48
41.94,79.18
41.93,79.15
42.02,79.57
41.97,79.74
40.79,76.65
40.77,76.63
40.92,75.71
41.24,77.25
41.03,77.21
41.06,77.1
41.08,77.05
41.03,76.85
41.1,77.68
41.15,77.71
41.09,77.53
41.29,77.76
41.24,78.28
39.55,69.4
39.52,69.48
39.58,69.67
39.58,70.1
39.48,70.35
39.55,70.63
39.5,70.6
39.58,70.48
39.53,70.53
39.47,70.57
39.38,70.17
39.42,70.12
39.35,69.88
39.35,69.87
39.3,69.83
39.27,69.53
39.23,69.3
39.25,69.12
39.25,68.8
39.28,69.65
39.08,68.95
38.95,68.18
39.05,68
39.08,68
39.17,68.28
39.15,68.33
39.03,67.83
39.05,67.6
38.77,67.6
39,67.77
38.9,68.2
38.9,68.53
38.88,68.53
38.82,68.55
38.98,68.57
39,68.85
38.92,69.17
39,69.53
38.98,69.47
38.98,69.55
39.08,69.52
39.05,69.92
39.18,70.07
39.17,69.78
39.27,69.67
39.27,69.68
39.32,69.88
39.37,70.35
39.3,70.47
39.13,70.43
39.22,70.57
39.27,70.52
39.38,70.53
39.42,70.75
39.38,70.77
39.37,70.8
39.38,70.87
39.37,71.05
39.53,71.38
39.52,71.42
39.55,71.42
39.43,71.53
39.02,70.98
39.65,71.63
39.65,71.58
39.65,71.53
39.75,71.73
39.75,71.82
39.68,71.85
39.83,72.85
39.5,73.32
39.43,73.22
39.42,73.08
39.47,73.18
39.4,72.38
39.27,72.2
39.37,72.1
39.35,71.98
39.1,72.22
39.18,71.82
39.28,71.87
39.27,71.93
39.3,72.68
39.28,72.88
39.22,72.52
39.12,72.45
38.97,72.93
38.9,72.87
38.92,72.8
38.8,72.92
38.95,72.6
38.85,72.5
38.95,72.4
39.07,71.85
39.08,71.85
39.08,71.73
39.03,71.63
39.07,71.65
39.03,71.53
35.357,69.372
35.403,69.492
35.757,69.987
35.791,70.259
35.755,70.269
35.693,70.237
35.438,70.05
35.184,69.925
35.135,69.838
37.95,71.005
37.754,70.705
38.091,70.833
38.103,71.207
-36.57,-70.442
-36.615,-70.385
-36.312,-70.62
-36.32,-70.405
-36.166,-70.427
-36.241,-70.493
-41.638,-71.707
-41.958,-71.64
46.612,12.907
47.132,12.533
47.092,12.657
46.96,13.348
47.005,13.332
47.095,12.752
47.003,10.792
46.882,10.783
46.903,10.682
46.843,11.073
46.817,10.858
46.923,10.792
46.962,10.797
47.103,12.745
47.133,12.312
46.983,11.237
47.08,10.313
47.045,10.242
47.165,10.477
47.09,12.077
47.082,12.035
47.155,10.197
46.89,10.057
46.892,10.05
-15.883,-68.444
-15.863,-68.452
-15.834,-68.441
-15.827,-68.463
27.864,90.216
27.898,90.222
27.91,90.286
27.828,90.323
27.933,90.286
27.971,90.386
27.935,90.433
27.963,90.491
27.987,90.524
28.035,90.74
27.912,90.738
28.033,90.783
28.039,90.926
28,91.25
28.221,89.942
49.187,-125.27
49.685,-125.429
49.481,-125.522
49.793,-125.737
49.906,-126.472
50.222,-126.318
49.939,-126.466
50.019,-126.669
58.289,-128.273
57.177,-127.662
57.209,-128.057
57.146,-128.03
57.183,-128.117
57.393,-128.3
57.342,-128.624
57.346,-128.595
57.213,-128.813
57.315,-128.758
57.356,-128.859
57.387,-128.928
57.462,-128.908
57.478,-128.813
57.522,-128.723
57.547,-128.693
57.533,-128.87
57.769,-128.518
57.825,-128.477
58.433,-130.42
58.456,-130.364
58.3,-129.705
58.315,-129.737
58.282,-129.714
58.278,-129.638
58.229,-129.529
58.181,-129.573
58.214,-129.905
58.207,-129.941
57.83,-128.507
57.802,-128.616
57.799,-128.642
57.671,-129.012
57.678,-129.04
57.654,-129.081
57.693,-129.121
57.772,-129.223
57.765,-129.279
57.772,-129.301
57.864,-129.553
57.828,-130.312
57.733,-130.285
57.727,-129.416
57.547,-129.281
57.538,-128.93
57.514,-128.938
57.501,-128.92
57.466,-128.962
57.375,-128.947
57.444,-129.07
57.165,-128.98
57.337,-129.176
57.341,-129.191
57.391,-129.263
57.364,-129.294
57.355,-129.356
57.312,-129.393
57.266,-129.297
57.11,-129.259
57.125,-129.266
57.084,-129.467
57.089,-129.498
57.131,-129.436
57.134,-129.461
57.196,-129.488
57.21,-129.46
57.18,-129.599
57.275,-129.706
57.35,-129.562
57.348,-129.676
57.334,-129.782
57.419,-129.594
57.424,-129.508
57.425,-129.511
57.467,-129.517
57.52,-129.701
57.59,-129.632
57.627,-129.671
57.637,-129.68
57.638,-129.699
57.579,-131.917
57.556,-131.92
57.398,-132.023
57.535,-132.052
57.653,-132.039
57.583,-132.344
57.567,-132.39
57.642,-132.435
57.671,-132.366
57.682,-132.34
57.683,-132.424
57.687,-132.481
57.714,-132.47
57.728,-132.461
57.948,-132.417
57.723,-132.246
57.78,-132.133
57.759,-131.871
58.01,-131.98
57.411,-130.749
57.387,-130.763
57.305,-130.778
57.219,-130.833
57.258,-131.069
57.28,-131.068
57.304,-131.12
57.278,-131.161
57.453,-131.098
57.553,-131.061
57.543,-131.067
57.736,-131.173
57.72,-131.201
57.733,-131.284
57.685,-131.313
57.458,-131.352
57.596,-131.367
56.702,-131.853
56.746,-131.86
56.803,-131.912
56.825,-131.887
56.826,-131.917
56.925,-131.946
56.887,-131.879
57.006,-131.985
57.026,-131.967
57.053,-131.92
57.104,-131.78
57.111,-131.746
57.186,-132.07
57.193,-131.962
57.347,-131.92
57.416,-131.974
57.474,-131.954
57.574,-131.863
57.565,-131.533
57.453,-131.573
57.482,-131.612
57.467,-131.618
57.427,-131.593
57.438,-131.567
57.346,-131.632
57.381,-131.533
57.265,-131.461
57.359,-131.385
57.377,-131.397
57.307,-131.189
57.245,-131.294
57.208,-131.21
57.152,-131.175
57.08,-131.443
57.117,-131.495
57.201,-131.531
57.205,-131.673
57.258,-131.755
57.041,-131.494
56.882,-131.43
56.935,-131.625
56.931,-131.624
56.632,-131.633
56.629,-131.558
56.555,-131.551
56.524,-131.703
56.8,-131.291
56.832,-131.167
56.841,-130.951
56.839,-130.691
56.891,-130.983
56.924,-130.598
56.958,-130.628
56.968,-130.484
56.972,-130.454
57.028,-130.471
57.026,-130.613
57.016,-130.63
56.954,-130.883
57.023,-130.843
57.01,-130.805
57.044,-130.736
57.182,-130.811
57.284,-130.801
57.203,-130.784
57.34,-130.685
57.169,-130.685
57.17,-130.641
57.145,-130.635
57.128,-130.602
57.113,-130.58
57.14,-130.507
57.212,-130.469
57.23,-130.531
57.242,-130.708
57.305,-130.622
57.315,-130.66
57.33,-130.545
57.4,-130.411
57.461,-130.662
57.477,-130.664
57.805,-130.031
57.674,-129.909
57.644,-129.868
57.453,-129.703
57.503,-129.793
57.53,-129.792
57.489,-129.851
57.488,-129.856
57.539,-129.857
57.583,-129.839
57.55,-129.932
57.448,-129.822
57.467,-129.955
57.469,-130.032
57.469,-130.054
57.438,-129.906
57.404,-129.804
57.381,-129.863
57.34,-130.028
57.348,-130.14
57.349,-129.909
57.329,-129.869
57.285,-129.788
57.225,-129.904
57.035,-129.868
57.112,-130.002
57.213,-130.043
57.22,-130.075
57.215,-130.091
57.237,-130.102
57.1,-130.098
57.1,-130.088
57.061,-130.103
57.046,-130.06
56.995,-130.017
56.986,-130.029
56.811,-130.009
56.806,-130.03
56.87,-130.119
56.857,-130.199
56.814,-130.201
56.811,-130.23
56.742,-130.269
56.724,-130.312
56.779,-130.365
56.763,-130.434
56.74,-130.532
56.761,-130.525
56.73,-130.543
56.664,-130.56
56.661,-130.561
56.695,-130.605
56.607,-130.736
56.541,-130.99
56.525,-131.12
56.546,-131.127
56.532,-131.167
56.441,-131.204
56.457,-131.27
56.632,-131.354
56.658,-131.401
56.6,-131.505
59.32,-136.595
-34.273,-70.133
-34.478,-70.13
-34.437,-70.248
-34.488,-70.303
-34.368,-70.457
-34.838,-70.35
-34.84,-70.303
-34.792,-70.273
-34.708,-70.391
-34.7,-70.283
-34.588,-70.438
-34.687,-70.376
-34.787,-70.39
-34.86,-70.386
-34.883,-70.367
-34.887,-70.384
-34.025,-70.067
-34.007,-69.884
-34.195,-70.063
-34.061,-70.241
-33.75,-70.073
-33.713,-70.013
-33.868,-70.081
-33.564,-70.113
-33.536,-69.972
-33.328,-69.994
-33.315,-69.96
-33.294,-69.808
-33.371,-69.872
-33.487,-69.936
-33.464,-69.947
-33.554,-70.147
-33.122,-70.075
-33.131,-70.047
-33.157,-70.273
-26.483,-68.583
-26.467,-68.6
-18.417,-69.05
49.13,87.5
49.07,87.78
48.97,87.57
47.05,85.58
34.76,99.542
37.65,101.5
37.52,101.63
27.121,100.205
33.705,95.159
33.712,94.853
33.821,94.662
33.837,93.115
32.499,93.545
32.755,93.303
32.753,93.006
32.826,92.753
32.853,92.396
32.756,92.295
33.012,92.33
33.14,92.211
33.11,92.207
33.454,92.352
33.215,92.122
33.337,91.32
33.395,91.358
33.594,91.051
33.539,90.929
34.579,93.56
35.633,94.444
32.039,98.842
31.896,98.935
31.856,99.009
30.681,99.448
30.084,99.303
29.813,99.634
28.365,99.43
28.371,100.365
29.975,99.658
29.978,99.581
31.663,99.629
29.213,101.245
29.195,101.32
29.297,101.884
29.461,101.794
29.53,101.92
29.833,101.878
29.777,101.861
31.284,102.771
31.301,103.161
31.471,103.416
31.304,103.141
31.317,103.119
31.269,102.834
31.727,102.881
29.254,98.496
29.297,98.37
30.592,97.335
31.908,95.458
31.189,95.381
32.113,95.044
33.008,94.51
33.627,94.747
33.532,94.921
33.521,94.923
33.553,95.076
32.74,96.913
28.349,97.821
29.489,97.786
28.774,98.075
28.944,97.664
29.165,97.54
29.253,97.756
29.255,97.765
29.556,97.375
29.483,97.243
29.62,97.17
29.674,97.159
29.659,97.262
29.712,97.254
29.74,97.293
29.775,97.233
29.807,97.225
29.822,97.21
29.726,97.104
29.715,97.092
29.812,97.064
29.829,97.072
29.965,97.005
29.908,96.924
29.866,96.861
29.89,96.859
29.679,96.789
29.745,96.632
30.099,96.23
30.261,96.006
30.381,95.938
30.766,94.638
30.801,94.757
31.07,94.47
30.99,93.872
30.952,93.783
31.069,93.418
31.146,93.733
31.247,93.459
31.368,93.563
31.391,93.552
31.33,93.466
31.026,92.324
31.715,93.446
31.778,93.513
32.576,92.623
32.594,92.646
32.77,92.699
32.499,92.933
32.404,94.204
32.381,94.189
32.337,94.112
31.96,94.27
31.977,94.27
31.797,94.733
31.758,94.777
31.462,94.889
31.399,94.697
31.83,94.793
32.087,94.957
31.973,95.214
30.473,96.924
30.347,97.013
30.463,96.921
30.511,96.961
27.921,98.8
30.395,80.827
30.358,81.325
30.309,81.346
28.686,84.679
28.723,84.648
28.832,84.518
28.77,84.875
28.825,84.839
28.521,85.29
28.529,85.286
28.474,85.319
28.49,85.358
28.433,85.417
28.403,85.498
28.438,85.539
28.462,85.588
28.233,85.777
28.094,86.071
28.039,86.067
27.952,86.09
28.129,86.113
28.155,86.082
28.198,86.135
28.245,86.338
28.164,86.317
28.161,86.334
28.19,86.334
28.133,86.55
27.994,86.45
27.876,87.2
27.971,87.173
28.07,87.152
28.137,87.09
28.103,87.122
28.28,87.126
28.137,87.002
28.243,86.735
28.129,86.602
28.063,88.515
28.013,88.028
28.009,87.984
27.977,88.053
27.947,88.033
27.96,87.977
27.941,87.873
27.977,87.909
28.051,87.908
28.292,87.621
28.231,87.553
28.232,87.5
28.166,87.556
28.096,87.582
28.012,87.596
27.957,87.819
27.924,87.734
27.876,87.725
27.831,87.736
28.072,90.945
28.039,90.917
28.033,90.917
28.145,90.933
28.141,90.888
28.101,90.609
28.309,90.77
28.295,90.665
28.26,90.616
28.278,90.601
28.283,90.603
28.256,90.48
28.139,90.42
28.358,91.107
28.329,91.132
28.373,91.178
28.392,91.136
28.427,91.15
28.058,91.221
28.067,91.417
28.142,91.481
28.213,91.644
28.155,91.686
28.235,91.875
27.955,92.104
28.224,92.906
28.173,92.71
28.177,92.683
28.147,92.657
28.094,92.535
28.044,92.488
28.03,92.533
28.022,92.582
27.881,92.434
27.9,92.332
27.995,92.332
27.96,92.178
27.974,92.164
28.617,93.017
28.553,93.271
29.352,94.957
29.441,94.989
29.441,94.969
29.63,95.031
29.064,94.019
28.912,93.508
28.908,93.473
28.745,93.232
28.822,91.956
28.683,90.325
28.958,90.217
28.942,90.266
28.414,90.075
28.355,90.119
28.62,88.829
28.895,88.318
28.816,88.116
28.817,87.68
28.958,87.248
28.962,87.261
29.033,87
29.095,86.255
29.023,86.137
28.92,84.509
29.046,84.196
29.366,83.858
29.398,83.846
29.417,83.808
29.391,83.794
29.294,83.736
29.249,83.77
29.333,83.578
29.322,83.445
29.569,83.294
29.643,83.233
30.078,82.281
30.214,82.215
30.781,82.582
30.564,83.608
30.798,82.762
30.665,83.267
30.547,83.358
30.698,83.862
30.512,84.075
30.5,83.875
30.475,83.769
30.476,83.817
30.406,83.833
30.312,83.797
30.295,83.862
29.907,84.491
29.896,84.562
29.823,84.621
29.802,84.622
29.776,84.575
29.794,84.65
29.912,84.878
29.99,84.967
30.097,85.175
29.94,85.371
29.852,85.42
29.755,85.111
29.733,85.133
29.499,85.411
29.316,86.381
29.607,86.043
29.639,86.085
29.673,86.017
29.727,86.505
29.754,86.468
29.648,86.4
29.671,86.805
29.632,87.143
29.764,87.546
29.772,87.54
29.58,87.356
29.578,87.307
29.702,87.164
29.767,88.263
30.132,89.407
30.079,89.436
30.161,89.444
29.615,89.877
29.873,89.928
29.86,90.188
29.824,90.21
29.828,90.141
29.55,90.527
29.577,90.595
29.858,90.576
29.852,90.571
29.958,90.53
29.739,90.286
29.89,90.229
30.041,90.222
30.068,90.236
30.087,90.188
30.135,90.224
30.119,90.226
30.132,90.41
30.28,90.27
30.218,90.464
30.224,90.454
30.34,90.55
30.406,90.606
30.471,90.728
30.811,91.53
30.811,91.513
30.881,91.536
30.52,91.991
30.71,91.785
30.278,92.294
30.258,92.189
30.22,92.606
29.515,92.583
29.336,92.644
29.346,92.656
29.677,92.806
29.691,92.855
29.53,93.082
29.416,93.023
29.369,93.081
29.442,93.648
29.646,93.736
29.584,93.573
29.589,93.592
29.603,93.547
29.593,93.211
29.745,93.186
29.837,93.053
29.833,92.984
29.728,92.936
29.669,92.681
29.9,92.302
30.359,92.825
30.583,93.027
30.024,93.249
29.982,93.246
29.966,93.232
29.993,93.514
30.314,93.438
30.229,93.658
30.177,93.696
30.166,93.702
30.09,93.903
30.257,93.85
30.212,94.112
30.162,94.063
30.099,94.112
29.949,94.999
29.957,94.986
30.063,94.395
30.035,94.435
30.034,94.468
30.145,94.498
30.168,94.643
30.068,94.647
30.105,94.775
30.054,94.927
30.159,94.847
30.181,94.663
30.356,94.373
30.378,94.088
30.379,93.932
30.443,93.922
30.32,93.724
30.527,93.818
30.539,93.547
30.511,93.5
30.54,93.487
30.518,93.283
30.547,93.182
30.537,93.189
30.558,93.037
30.615,93.528
30.814,93.696
30.758,93.675
30.521,94.013
30.67,93.794
30.711,93.769
30.758,93.702
30.787,93.716
30.806,93.746
30.836,93.723
30.864,93.639
30.892,93.82
30.876,93.848
30.101,93.899
30.773,93.875
30.848,93.984
30.745,94.006
30.761,94.186
30.839,94.328
30.859,94.323
30.634,94.533
30.663,94.387
30.698,94.355
30.613,94.259
30.492,94.193
30.475,94.242
30.441,94.388
30.375,94.495
30.416,94.925
30.553,94.875
30.404,95.112
30.211,95.258
29.972,95.552
30.309,95.315
30.637,95.287
30.6,95.545
30.528,95.469
30.507,95.491
30.358,95.57
30.288,95.525
30.239,95.591
30.228,95.433
30.161,95.536
30.141,95.661
30.355,95.684
30.307,95.856
30.16,95.811
30.11,95.814
30.007,95.746
29.885,95.862
29.797,96.011
29.82,96.058
30.131,95.942
30.21,96.02
29.876,96.261
29.863,96.237
29.712,96.294
29.792,96.474
29.571,96.519
29.65,96.633
29.431,96.926
29.722,96.971
29.534,97.016
29.264,96.783
29.383,96.66
29.405,96.6
29.512,96.543
29.667,95.804
29.75,95.816
29.777,95.619
29.588,95.711
29.561,95.987
29.552,96.073
29.467,96.016
29.517,95.917
29.362,95.84
29.111,96.301
28.471,96.866
28.964,96.517
29.41,96.373
29.34,96.337
29.188,96.469
29.167,96.75
29.027,96.971
28.748,97.121
28.733,97.331
28.733,97.337
29.042,97.183
29.354,97.106
29.423,97.07
29.502,97.097
29.377,97.27
29.259,97.269
29.182,97.452
29.102,97.544
29.007,97.523
28.299,97.422
34.972,78.378
34.797,78.249
34.904,78.287
34.847,78.397
34.778,78.433
34.792,78.586
34.725,78.497
34.604,78.559
34.622,78.49
34.646,78.422
34.681,78.287
34.433,79.105
31.118,81.493
31.125,81.481
31.345,81.304
31.159,81.258
31.221,81.177
31.243,81.173
31.274,81.142
31.704,80.706
31.84,80.566
31.966,80.397
31.627,80.663
31.542,80.126
31.996,79.95
32.002,79.903
32.054,79.818
32.092,79.906
32.366,79.652
32.354,79.647
32.497,79.499
32.56,79.273
32.254,78.492
32.281,78.581
32.302,78.566
32.462,78.462
32.347,78.883
32.3,78.845
32.34,78.904
32.137,78.946
32.138,78.918
32.094,78.912
31.956,78.835
32.383,79.496
32.316,79.373
32.185,79.751
32.168,79.791
31.521,80.111
31.348,81.05
31.229,81.086
31.153,81.333
31.135,81.425
31.095,81.42
31.045,81.501
31.076,81.601
30.858,81.599
30.489,80.648
30.919,79.908
31.056,79.791
30.995,79.598
31.188,79.494
44.8,80.23
44.8,80.27
44.62,80.68
44.65,80.55
44,83.45
43.98,83.53
43.93,83.65
43.88,83.68
43.83,83.77
43.83,83.85
43.85,83.97
43.87,84.98
43.82,84.1
43.7,84.33
43.62,84.78
43.45,84.97
43.42,84.88
43.45,84.77
43.47,84.67
43.52,84.63
43.5,84.53
43.5,84.15
43.6,84.1
43.42,84.65
43.38,84.85
43.35,85
43.33,84.87
43.15,83.7
42.95,82.88
42.83,82.45
42.78,82.33
42.78,82.35
42.78,82.35
42.77,82.1
42.73,82.1
42.73,82.07
42.72,83
42.68,83
42.67,82.97
42.7,82.7
42.68,82.7
42.6,82.63
42.52,82.6
42.53,82.52
42.58,82.47
42.58,82.43
42.48,82.28
42.47,82.02
42.47,81.78
42.55,81.87
42.62,81.88
42.73,81.75
42.7,81.53
42.62,81.43
42.62,81.42
42.58,81.63
42.55,81.85
42.52,81.43
42.55,80.98
42.6,81.03
42.6,81
42.45,80.88
42.4,80.93
42.38,80.97
42.42,80.65
42.45,80.58
42.42,80.62
42.4,80.55
42.42,80.5
42.43,80.48
42.32,80.37
37.6,102.07
37.58,102.03
37.63,101.68
37.63,101.65
37.65,101.58
37.72,101.53
38.27,100.6
38.27,100.55
38.38,100.25
38.27,100.42
38.1,100.1
38.5,99.3
38.58,99.08
38.6,99
38.82,99.18
38.42,99.78
38.95,99.13
38.97,99.3
38.95,99.28
39.03,99.08
39.32,98.47
39.3,98.47
39.28,98.5
39.28,98.48
39.22,98.53
39.3,98.3
39.33,98.27
39.4,98.17
39.42,98.13
39.25,98.13
39.17,98.28
39.07,98.15
38.75,98.7
38.63,98.87
38.67,98.32
38.68,98.28
38.8,98.08
38.83,98.03
38.95,97.78
39.43,97.53
39.5,97.5
38.78,98.08
38.27,98.57
38.37,98.05
38.4,98
38.58,97.77
38.6,97.72
38.68,97.65
38.67,97.3
38.67,97.28
39.37,96.7
39.4,96.65
39.43,96.75
39.45,96.73
39.5,96.55
39.52,96.48
39.5,96.43
39.42,96.52
39.4,96.55
38.75,97.15
38.68,97.15
38.65,97.28
38.62,97.33
35.589,94.699
35.608,94.828
35.607,94.803
35.613,94.584
35.62,94.582
35.614,94.579
35.614,94.451
35.656,94.358
35.767,93.762
35.784,93.563
35.8,93.482
35.919,92.314
35.88,90.829
35.899,90.826
36.004,90.88
36.08,91.171
36.246,91.87
36.479,91.391
37.685,90.683
37.271,90.777
37.412,90.431
37.676,88.316
37.669,88.026
38.2,96.12
38.22,96.05
38.23,96.03
38.23,95.97
38.37,95.77
38.42,95.7
38.03,97.62
37.98,97.48
38.33,95.62
38.35,95.8
38.17,96.07
38.15,96.22
38.02,97.4
38.025,97.332
38.355,89.522
38.224,88.939
37.981,87.437
37.981,87.406
37.834,87.357
37.565,88.035
37.536,87.847
37.463,87.913
37.393,87.859
37.385,87.807
37.409,87.709
37.388,87.652
37.438,87.145
37.23,85.742
36.885,85.14
36.823,84.936
36.81,84.738
36.758,84.699
36.809,84.649
36.683,84.394
36.363,83.082
36.35,83.051
36.293,82.889
36.486,82.55
36.249,82.44
36.213,82.372
36.199,82.271
36.194,81.984
35.751,82.422
35.589,82.263
35.578,82.22
35.486,82.037
36.025,81.169
35.992,81.137
36.005,81.118
36.045,80.618
36.014,80.61
35.993,80.552
35.992,80.402
36.058,80.264
36.127,80.139
36.525,80.321
36.062,80.046
36.031,80.112
35.767,81.047
35.737,81.072
35.53,81.566
35.409,81.455
35.456,81.197
35.505,81.156
35.524,80.801
35.638,80.792
35.626,80.587
35.771,80.537
35.809,80.364
35.887,80.265
35.812,80.251
35.687,80.165
35.705,80.162
35.578,80.087
35.657,80.11
35.688,80.008
35.695,79.94
35.701,79.744
35.83,79.983
35.904,79.912
35.864,79.735
35.86,79.685
35.845,79.693
35.824,79.701
35.827,79.655
35.846,79.584
35.928,79.598
35.953,79.582
64.931,-165.612
36.12,79.703
36.143,79.642
36.195,79.48
36.218,79.469
36.173,79.409
36.213,79.381
36.188,79.377
36.197,79.261
36.227,79.165
36.27,79.096
36.427,78.916
36.39,78.753
36.354,78.602
36.376,78.575
36.342,78.461
36.341,78.46
36.416,78.185
36.295,78.653
36.251,78.86
36.121,79.404
36.093,79.291
35.879,79.446
35.738,78.895
35.764,78.84
35.76,78.773
35.635,78.725
35.159,78.55
35.346,78.706
35.654,78.259
35.715,78.381
35.867,78.725
35.773,78.518
35.964,79.082
35.965,78.915
36.069,78.867
36.084,78.772
36.111,78.62
36.073,78.604
36.204,78.382
36.192,78.291
36.19,78.189
36.36,77.625
36.523,77.88
36.592,77.932
36.558,77.62
36.55,77.598
36.555,77.479
36.576,77.529
36.697,78.005
36.667,78.37
36.642,78.353
36.632,78.386
36.598,78.445
36.673,78.46
36.681,78.477
36.683,78.512
36.704,78.541
36.722,78.313
36.76,78.086
36.771,78.052
36.793,78.05
36.764,77.558
36.853,77.512
36.83,77.279
36.581,77.19
36.834,76.9
36.781,76.673
36.891,76.651
37.27,76.495
36.667,76.704
36.671,76.694
36.722,76.438
36.973,76.179
37.005,76.161
36.773,76.232
36.671,76.842
36.583,76.915
36.466,76.901
36.479,76.922
36.524,76.957
35.663,78.166
35.572,78.119
35.623,77.885
35.969,77.846
35.98,77.823
35.804,77.828
35.714,77.748
35.563,77.66
35.616,77.591
35.748,77.236
35.938,77.463
35.949,77.366
36.145,77.142
36.239,77.359
36.289,77.348
36.342,77.363
36.338,77.262
36.215,77.077
36.143,76.929
35.807,77.064
36.069,76.824
36.301,76.487
36.35,76.566
36.403,76.203
36.263,76.409
36.181,76.573
35.942,76.756
35.998,76.636
36.035,76.575
36.132,76.289
36.181,76.235
36.255,76.214
36.799,75.652
36.8,75.836
37.012,75.683
37.046,75.641
37.04,75.772
37.308,75.622
37.442,75.545
37.461,75.522
37.38,75.527
36.96,75.464
37.065,75.203
37.011,74.965
37.199,74.484
37.212,75.051
37.244,75.027
37.223,74.928
37.398,75.142
37.465,75.199
37.584,75.196
37.611,75.112
37.672,75.159
37.603,74.96
37.679,75.037
37.792,75.002
38.145,75.163
38.216,75.225
37.975,75.584
38.032,75.473
38.163,75.344
38.606,75.825
38.283,75.557
38.277,75.46
38.711,75.189
38.664,75.085
38.56,75.261
38.382,75.351
38.325,75.323
38.28,75.368
38.23,75.396
38.867,74.271
38.747,74.141
38.836,74.182
38.926,73.791
38.951,73.99
38.954,74.013
39.225,74.528
39.122,74.649
38.906,74.985
38.869,75.025
38.799,75.158
38.84,75.226
38.984,74.904
39.06,74.849
39.159,74.891
39.169,74.763
39.232,74.708
39.333,74.558
39.319,75.276
39.287,75.218
39.013,74
39.144,73.752
39.176,73.694
39.457,73.725
39.527,73.885
40.067,74.45
40.317,74.8
40.017,74.833
40.117,74.9
40.72,76.88
40.72,76.85
40.72,76.82
40.98,76.87
41,77.08
40.97,77.3
40.97,77.35
40.88,77.48
41.05,77.87
41.02,78.07
41.02,78.03
41.12,78.02
41.1,77.77
41.03,77.6
41,77.47
41.25,78.35
41.25,78.33
41.23,78.48
41.45,78.58
41.45,78.67
41.57,78.88
41.68,78.9
41.85,79.85
41.83,79.85
41.97,80.03
41.77,80.28
41.82,80.2
41.87,80.13
41.95,80.45
41.9,80.53
41.98,80.77
42.07,80.72
42.1,80.57
42.17,80.63
42.23,80.5
42.3,80.62
42.27,80.7
42.25,80.72
42.3,80.72
42.15,80.82
42.08,80.87
41.95,81.07
42,81.08
42.18,81.1
42.15,81.12
42.15,81.35
42.22,81.25
42.23,81.4
42.2,81.95
42.32,82.22
42.38,82.15
42.45,82.38
42.4,83.4
42.43,83.83
42.48,83.97
42.37,84.23
42.35,84.3
42.35,84.3
42.4,84.52
42.4,84.23
42.48,84.03
42.52,83.73
42.55,83.43
42.53,83.08
42.67,83.33
42.7,83.22
42.68,83.2
42.72,83.18
43.03,83.52
43.1,83.75
43.12,83.98
43.17,85.37
43.18,86.55
43.18,86.57
42.6,85.4
42.7,85.45
42.67,85.37
42.65,85.32
42.65,85.28
42.67,85.17
42.8,84.93
42.75,85
42.57,85.15
42.48,85.07
42.52,85.17
42.55,85.32
42.6,85.35
42.58,85.55
42.57,85.73
42.82,86.78
42.78,86.72
43.68,88.8
43.8,88.28
43.73,88.17
43.1,87.38
43.13,86.92
43.18,86.95
43.15,86.83
43.15,86.82
43.23,86.72
43.23,86.7
43.15,86.82
43.1,86.72
43.1,86.58
43.23,86.48
43.43,86.55
43.47,86.47
43.22,86.45
43.28,86.18
43.33,86.2
43.38,86.27
43.33,86.23
43.47,85.97
43.52,85.93
43.58,85.9
43.63,85.85
43.63,85.82
43.62,85.82
43.43,86.05
43.42,86.07
43.38,86.03
43.4,86.08
43.3,86.17
43.18,86.12
43.17,85.93
43.23,85.48
43.23,85.45
43.3,85.52
43.32,85.53
43.4,85.65
43.45,85.72
43.35,85.58
43.37,85.55
43.42,85.07
43.48,85.05
43.45,85.25
43.52,85.35
43.53,85.4
43.67,85.63
43.78,85.63
43.63,85.55
43.62,85.42
43.63,85.33
43.58,85.23
43.65,85.08
43.8,85.13
43.7,85.1
43.65,84.93
43.67,84.93
43.6,84.58
43.65,84.83
43.67,84.87
43.93,84.78
43.92,84.8
43.63,84.75
43.8,84.7
43.77,84.58
43.82,84.53
43.82,84.17
43.88,83.95
44.05,84.05
44.07,83.93
44,83.87
44.07,83.7
44.08,83.6
44,83.52
44.05,83.53
44.2,83.52
44.23,83.38
44.18,83.3
43.98,83.4
44.05,82.68
44.7,80.77
44.77,80.4
44.8,80.53
44.8,80.32
44.9,79.97
45,80.1
47.18,90.47
42.98,86.95
43.02,87.2
43.07,87.47
43.72,88.4
43.73,88.42
43.68,88.72
43.6,88.87
43.6,88.82
43.57,88.88
43.53,89.07
43.42,89.42
43.33,89.5
43.45,93.12
42.98,94.45
36.526,90.332
36.572,90.243
36.061,90.85
36.264,90.337
36.451,89.822
36.536,89.564
35.718,88.026
36.392,87.589
36.576,87.547
36.159,90.074
36.076,89.951
35.461,90.879
33.498,90.823
33.775,89.105
33.97,90.651
33.921,90.625
33.289,88.714
33.34,88.772
33.249,91.259
32.938,91.78
33.07,91.161
32.836,92.221
32.814,92.192
30.253,89.358
30.296,88.414
30.653,88.514
30.665,88.526
30.714,88.596
30.722,88.599
30.775,88.582
30.603,88.458
31.353,87.516
30.964,91.508
30.544,90.77
30.459,90.607
30.405,90.496
30.406,90.435
30.407,90.399
30.4,90.4
30.396,90.341
30.186,90.138
30.119,90.149
29.97,90.029
30.139,86.313
30.209,86.289
30.457,86.57
30.685,86.503
31.372,86.766
30.382,87.688
30.326,86.234
30.184,86.244
30.174,86.23
29.982,85.773
29.835,85.476
30.007,85.452
30.164,85.063
31.573,84.939
31.711,85.019
31.867,83.582
30.012,84.869
30.046,84.725
30.609,84.172
31.576,83.381
31.005,83.441
30.902,83.433
30.831,83.07
31.01,82.594
31.129,82.449
31.141,82.381
31.183,82.358
31.143,82.343
31.082,82.382
30.993,82.479
30.736,82.319
31.113,81.532
31.802,83.48
31.719,83.459
32.823,81.096
32.849,81.097
31.884,82.517
34.261,84.218
33.777,82.404
33.991,82.276
34.117,82.174
34.148,82.205
34.315,82.015
33.987,82.262
33.624,82.009
34.283,80.828
34.345,79.882
34.199,79.809
34.076,79.789
33.877,79.868
34.098,79.884
34.016,79.969
34.033,79.949
34.141,79.879
34.285,80.038
34.153,79.934
34.162,80
34.176,80.034
33.387,79.541
32.995,79.797
33.022,79.708
33.05,79.7
33.067,79.603
33.244,79.557
33.096,79.562
33.021,79.606
33,79.599
32.99,79.628
33.319,79.4
33.372,79.413
-0.68,-78.428
-1.477,-78.792
-1.403,-78.762
-0.662,-78.71
44.725,6.409
44.853,6.385
45.636,6.971
45.639,6.987
45.477,7.035
45.167,6.141
45.153,6.17
44.957,6.217
44.906,6.188
44.905,6.142
44.908,6.151
44.923,6.159
44.94,6.073
0.383,29.869
42.792,0.105
42.694,-0.043
42.699,-0.052
29.346,96.133
29.247,96.168
29.078,96.121
28.978,96.38
71.097,-8.06
77.25,17.267
77.283,14.833
77.667,15.867
77.733,16.7
77.9,17.417
79.167,11.967
79.367,11.083
79.583,11.6
79.383,13.183
79.583,16.183
78.95,19.867
